,Estado,Lon,Lat,Clave,Est,Tmin
0,GRO,-99.75,16.76,76805,ACAPULCO,21.60645161
1,SON,-111.83,30.71,76113,ALTAR,6.055172413999999
2,CHIS,-93.9,16.24,76840,ARRIAGA,21.71290323
3,CAMP,-90.5,19.83,76695,CAMPECHE,17.34814815
4,BCS,-111.65,25.01,76402,CD. CONSTITUCIÓN,8.54516129
5,SON,-109.92,27.48,76258,CD. OBREGON,7.353571429
6,TAMPS,-99.17,23.75,76491,CD. VICTORIA,10.255999999999998
7,DF,-99.2,19.4,76680,CENTRAL TACUBAYA,8.629032257999999
8,QROO,-88.3,18.48,76750,CHETUMAL,18.38064516
9,CHIH,-106.13,28.67,76225,CHIHUAHUA,3.293548387
10,JAL,-103.46,19.73,76656,CIUDAD GUZMÁN,8.223333333
11,VER,-94.51,18.19,76741,COATZACOALCOS,19.48333333
12,CHIS,-92.13,16.23,76848,COMITAN,11.77096774
13,MOR,-99.23,18.89,76726,CUERNAVACA,11.40740741
14,DGO,-104.6,24.09,76423,DURANGO,4.635483871
15,SON,-110.8,27.95,76256,EMPALME,10.39677419
16,QROO,-88.05,19.57,76698,FPE. CARRILLO PUERTO,16.34666667
17,GTO,-101.29,21.01,76577,GUANAJUATO,8.0
18,CHIH,-105.67,26.92,76323,HGO. DEL PARRAL,3.874193548
19,OAX,-97.77,17.8,76773,HUAJUAPAN DE LEON,6.7
20,VER,-96.9,19.51,76687,JALAPA,10.025
21,BCS,-110.32,24.12,76405,LA PAZ,14.61
22,COL,-104.33,19.07,76654,MANZANILLO,22.77096774
23,SLP,-98.81,21.28,76585,MATLAPA,14.90952381
24,SIN,-106.41,23.22,76458,MAZATLAN,16.46451613
25,YUC,-89.65,20.95,76644,MERIDA,17.96551724
26,COAH,-101.42,26.91,76342,MONCLOVA,8.34137931
27,MICH,-101.18,19.7,76665,MORELIA,7.129032258
28,CHIH,-107.93,30.42,76122,NUEVO CASAS GRANDES,-0.329032258
29,VER,-97.1,18.85,76737,ORIZABA,11.32592593
30,HGO,-98.75,20.13,76632,PACHUCA,5.190322581
31,COAH,-100.52,28.7,76243,PIEDRAS NEGRAS,6.736666667000001
32,YUC,-89.65,21.28,76593,PROGRESO,18.68076923
33,PUE,-98.17,19.05,76685,PUEBLA,5.858064516000001
34,QRO,-100.4,20.58,76625,QUERETARO,9.322580645
35,COAH,-101.02,25.38,76390,SALTILLO,6.0709677420000006
36,CHIS,-92.63,16.73,76845,SAN CBAL. DE LAS CASAS,7.5933333329999995
37,SLP,-101.02,22.21,76539,SAN LUIS POTOSÍ,4.835483871
38,ZAC,-103.65,23.47,76471,SOMBRERETE,4.903225806
39,BCS,-112.25,27.28,76253,STA. ROSALIA,13.52083333
40,TAMPS,-97.85,22.22,76548,TAMPICO,16.055999999999997
41,CHIH,-107.82,28.95,76220,TEMOSACHIC,-3.483870968
42,NAY,-104.89,21.49,76556,TEPIC,13.72580645
43,TLAX,-98.24,19.31,76683,TLAXCALA,4.1
44,MEX,-99.71,19.29,76675,TOLUCA,0.164516129
45,HGO,-98.36,20.08,76634,TULANCINGO,6.0032258060000006
46,CHIS,-93.13,16.75,76843,TUXTLA GUTIÉRREZ,17.51935484
47,YUC,-88.2,20.69,76647,VALLADOLID,17.46428571
48,VER,-96.14,19.16,76692,VERACRUZ,19.12857143
49,ZAC,-102.57,22.78,76525,ZACATECAS,7.441935484
50,MICH,-102.32,19.98,76662,ZAMORA,7.448387097
51,GTO,-101.47,21.07,COMGJ,Comanjilla Gto.,6.193548387000001
52,GTO,-101.22,21.48,SFEGJ,San Felipe Gto.,2.596774194
53,MOR,-98.76,18.88,OCTMR,Ocuituco Mor.,8.677419355
54,SIN,-107.76,25.12,RAVSI,Estación Rancho Viejo Sin.,10.4516129
55,VER,-95.03,18.52,SONVC,Sontecomapan Ver.,14.74074074
56,GTO,-100.36,20.2,CORGJ,Coroneo Gto.,2.516129032
57,GTO,-101.11,21.32,LQMGJ,La Quemada Gto.,1.870967742
58,VER,-96.97,19.45,TAPVC,Tapachapan Ver.,10.56521739
59,GRO,-98.5,16.66,QTZGR,Quetzala Gro.,17.77419355
60,JAL,-103.27,22.11,76519,COLOTLAN,4.4192307689999994
61,GTO,-100.5,21.22,POZGJ,Pozos Gto.,4.741935484
62,SIN,-105.85,23.09,TORSI,Las Tortugas Sin.,12.32258065
63,PUE,-97.82,19.62,IXTPB,Ixtacamaxtitlán Pue.,1.322580645
64,GTO,-101.02,20.43,SMAGJ,San Miguel de Allende Gto.,4.5
65,MEX,-99.24,19.53,CLYMX,Calacoaya Méx.,5.338709677
66,OAX,-96.3,17.78,VANOX,Valle Nacional Oax.,17.11538462
67,VER,-96.39,19.26,LOFVC,Loma Fina Ver.,17.17241379
68,COAH,-100.92,25.44,ESLCL,E. C. Saltillo Coah.,6.379310345
69,OAX,-96.53,17.43,ATEOX,Atepec Oax.,7.387096774
70,SON,-110.29,30.98,CNNSO,Cananea Son.,3.333333333
71,DF,-99.2,19.31,CCH S,CCH Sur,7.474193548
72,DF,-99.13,19.42,ENP 7,Ezequiel A. Chavez,9.919354839
73,VER,-96.95,19.23,TOTVC,Totutla Ver.,9.444444444
74,PUE,-97.01,18.33,ZOQPB,Zoquitlán Pue.,6.838709677000001
75,MICH,-101.66,19.93,AMEMC,Aristeo Mercado Mich.,6.467741935
76,TAMPS,-99.55,24.57,VSMTP,Victoria-San Marcos Tamps.,10.7037037
77,GRO,-99.93,17.6,YXTGR,Yextla Gro.,10.19354839
78,VER,-96.97,19.55,OTIVC,Otilpan Ver.,9.25
79,GTO,-100.75,20.58,SMOGJ,San Miguel Octopan Gto.,6.822580645
80,OAX,-96.45,17.12,SMAOX,San Antonio Cuajimoloyas Oax.,2.677419355
81,BCS,-111.35,26.01,BLORETO,Bahía de Loreto B.C.S. SMN*,13.18709677
82,ZAC,-103.51,24.29,SGOZC,Santiago Zac.,3.758064516
83,BCS,-109.92,22.89,SLUBS,Cabo San Lucas B.C.S. SMN*,18.13548387
84,BCS,-110.22,23.45,TODOSLOSSANTOS,Todos los Santos B.C.S. SMN*,15.43548387
85,CAMP,-89.4,18.5,XPJCA,Xpujil Camp.,17.96666667
86,QROO,-89.72,19.46,DZILBACHEN,Dzilbachén Camp. SMN*,16.19333333
87,CHIS,-92.48,15.97,CATARINITAS,Catarinitas Chis. SGT*,17.09032258
88,CHIS,-92.05,16.12,ZAPALUTA,Zapaluta Chis. SGT*,11.29032258
89,CHIS,-91.73,16.91,YAQUINTELA,Yaquintela Chis. SGT*,15.1
90,DGO,-103.35,24.47,SCLDR,Santa Clara Dgo.,0.774193548
91,HGO,-98.13,20.14,LAGUNASGT,La Laguna Hgo. SGT*,5.6356
92,JAL,-103.42,20.44,TLAJOMULCO,Tlajomulco Jal. SMN*,5.95483871
93,NL,-100.01,25.27,AL2NL,Allende Dos N. L.,6.444444444
94,OAX,-95.48,16.59,RHOOX,Río Hondo Oax.,18.90322581
95,PUE,-96.85,18.4,TLPPB,Tlacotepec de Díaz Pue.,15.34482759
96,PUE,-98.0,20.22,NECAXASGT,Necaxa Pue. SGT*,9.900833333
97,QROO,-87.49,21.1,KANTUNILKIN,Kantunilkín Q. Roo. SMN*,17.93
98,SLP,-99.15,21.82,TANCHACHIN,Tanchachín S.L.P. SGT*,14.8
99,SON,-110.21,27.59,TORIM,Tórim Son. SGT*,6.541935484
100,SON,-109.97,27.61,TAJIMAROA,Tajimaroa Son. SGT*,6.251612903
101,SON,-109.89,27.75,AGCSO,Agua Caliente Son.,7.483333332999999
102,TAMPS,-99.15,22.99,AHUALULCOTP,Ahualulco Tamps. SGT*,13.60689655
103,TAMPS,-99.22,24.1,BARRETALI,Barretal Uno Tamps. SGT*,9.960714286
104,TAMPS,-99.43,24.25,TOMASENO,El Tomaseño Tamps. SGT*,9.060714286
105,CHIS,-92.26,14.91,TAPCP,Tapachula Chis.,22.31612903
106,AGS,-102.37,21.78,NGRAG,El Niagara Ags.,3.741935484
107,AGS,-102.79,21.81,MNLAG,Media Luna Ags.,3.483870968
108,AGS,-102.71,21.85,CALVILLO,Calvillo Ags. SMN*,3.874193548
109,AGS,-102.29,21.85,OBSAG,Observatorio de Aguascalientes Ags.,5.716129032
110,AGS,-102.31,21.9,AGSAG,Aguascalientes Ags.,6.403225806
111,AGS,-102.0,21.9,CNSAG,Los Conos Ags.,3.7903225810000003
112,AGS,-102.68,22.0,CDRAG,La Codorniz Ags.,7.112903226
113,AGS,-102.36,22.12,JCQAG,Jocoque Ags.,4.4193548389999995
114,AGS,-102.42,22.14,PECAG,Plutarco Elías Calles Ags.,5.564516128999999
115,AGS,-102.29,22.16,PBLAG,Pabellón Ags.,3.983870968
116,AGS,-102.47,22.19,ANVAG,Cincuenta Aniversario Ags.,5.422580645
117,AGS,-102.44,22.24,PTRAG,Derivadora Pabellón Ags.,5.064516128999999
118,AGS,-102.3,22.36,CSOAG,Cosío Ags.,0.790322581
119,BC,-114.72,29.73,CATAVINA,Cataviña B.C. SMN*,8.65
120,CAMP,-89.89,18.09,CALAKMUL,Calakmul Camp. SMN*,15.32580645
121,CAMP,-89.89,18.36,CALCA,Calakmul Camp. SMN*,17.32333333
122,CAMP,-91.05,18.18,CNDCA,Candelaria Camp.,17.22580645
123,CAMP,-92.09,18.25,PLZCA,Palizada Camp.,18.25806452
124,CAMP,-90.74,18.6,ESCCA,Escárcega Camp.,18.25925926
125,CAMP,-91.76,18.65,CARCA,El Carmen Camp.,21.31818182
126,CAMP,-91.18,18.97,SBNCA,Sabancuy Camp.,17.48275862
127,CAMP,-90.58,19.3,CANCA,Canasayab Camp.,16.5483871
128,CAMP,-90.72,19.36,CHMCA,Champotón Camp.,17.37037037
129,CAMP,-90.22,19.61,NYXCA,Noh-Yaxché Camp.,15.76666667
130,CAMP,-89.86,19.66,XCPCA,Xcupil Camp.,14.77419355
131,CAMP,-89.85,19.75,HPOCA,Hopelchen Camp.,15.23333333
132,CAMP,-90.54,19.84,CMPCA,Campeche Camp.,17.46428571
133,CAMP,-90.51,19.84,COBCA,Observatorio de Campeche Camp.,17.37777778
134,CAMP,-89.74,20.0,BOLCA,Bolonchen Camp.,17.53448276
135,CHIH,-107.97,26.94,TBRSI,San Francisco Chih.,7.641935483999999
136,CHIH,-107.92,27.22,URICH,Urique Chih. SMN*,11.56774194
137,CHIH,-107.91,27.22,URECH,Urique Chih.,9.206451612999999
138,CHIH,-108.54,27.42,CNDCH,Chínipas Chih.,6.74516129
139,CHIH,-108.21,28.21,BSSCH,Basaseachi Chih.,-2.312903226
140,CHIH,-107.48,28.48,AGZCH,Abraham González Chih.,-3.333333333
141,CHIH,-106.09,28.66,QIJCH,Observatorio de Chihuahua Chih.,3.438709677
142,CHIH,-107.85,28.95,TMCCH,Temósachic Chih.,-4.032258065
143,CHIH,-107.38,29.56,TNTCH,El Tintero Chih.,-0.322580645
144,CHIH,-104.41,29.56,OJNCH,Ojinaga Chih.,2.016129032
145,CHIH,-107.03,29.88,LJSCH,Las Lajas Chih.,-0.9032258059999999
146,CHIH,-107.93,30.38,CAGCH,Casas Grandes Chih.,-0.380645161
147,CHIS,-92.24,15.78,SMICP,San Miguel Chis.,13.83870968
148,CHIS,-93.06,16.45,SDOCP,Santo Domingo Chis.,16.08333333
149,CHIS,-91.97,15.85,PCOCP,Puente Concordia Chis.,13.90322581
150,CHIS,-92.67,15.92,REFCP,Reforma Chis.,13.87096774
151,CHIS,-93.08,16.16,REVCP,Revolución Mexicana Chis.,14.74193548
152,CHIS,-93.9,16.24,AROCP,Arriaga Chis.,21.71290323
153,CHIS,-92.78,16.4,ANGCP,Doctor Belisario Domínguez Chis.,16.70967742
154,CHIS,-92.8,16.55,ACACP,Acala Chis.,15.58064516
155,CHIS,-93.15,16.64,BOQCP,Boquerón Chis.,16.58064516
156,CHIS,-92.63,16.73,SCOCP,Observatorio de San Cristóbal Chis.,7.493333333
157,CHIS,-93.13,16.75,TXOCP,Observatorio de Tuxtla Gutiérrez Chis.,17.55806452
158,CHIS,-93.1,16.94,CHICP,Manuel Moreno Torres Chis.,17.96666667
159,CHIS,-93.12,16.98,GRICP,Grijalva Chis.,16.01612903
160,CHIS,-93.33,17.12,YAMCP,Yamonhó Chis.,15.92857143
161,CHIS,-93.01,17.25,TAPILULA,Tapilula Chis. SGT*,15.44541667
162,CHIS,-93.46,17.45,PENCP,Ángel Albino Corzo Chis.,19.26086957
163,CHIS,-92.35,17.57,SAACP,Salto de Agua Chis.,18.26785714
164,COAH,-101.02,25.38,SALCL,Observatorio de Saltillo Coah.,6.438709677
165,COAH,-101.02,25.38,STOCL,Saltillo Coah.,7.551724137999999
166,COAH,-102.98,25.76,SPECL,San Pedro Coah.,5.451612902999999
167,COAH,-101.42,26.91,MCVCL,Monclova Coah.,8.313793103
168,COAH,-102.06,26.98,CCGCL,Cuatro Ciénegas Coah.,5.620689655
169,COAH,-101.0,27.42,PRSCL,Progreso Coah.,4.310344828
170,COAH,-100.62,27.52,VCRCL,Venustiano Carranza Coah.,5.964285714
171,COAH,-100.53,28.71,PNGCL,Piedras Negras Coah.,6.911111111
172,COAH,-100.9,29.03,ZPTCL,Zapata Coah.,4.633333333
173,COAH,-100.95,29.21,CNTCL,El Centenario Coah.,4.666666667
174,COAH,-100.95,29.33,CDACL,Ciudad Acuña Coah.,4.814814815
175,COAH,-101.06,29.45,AMSCL,Internacional La Amistad Coah.,5.607142857
176,COL,-103.72,18.75,CDOCM,Cerro de Ortega Col.,18.32258065
177,COL,-103.77,18.81,LDACM,Laguna de Amela Col.,18.43333333
178,COL,-104.32,19.04,MNZCM,Manzanillo Col.,22.73870968
179,COL,-103.73,19.22,LPSCM,La Posta Col.,17.37096774
180,COL,-103.73,19.22,RDRCM,Radar Col.,19.96774194
181,COL,-103.61,19.25,BVSCM,Buena Vista Col.,15.5483871
182,DF,-99.2,19.3,DATDF,Desviación Alta Cd. de Méx.,8.806451613
183,DF,-99.17,19.45,CBIDF,Escuela Nacional de Ciencias Biológicas IPN Cd. de Méx. SMN*,9.119354839
184,DF,-99.07,19.47,SJADF,San Juan de Aragón Cd. de Méx.,6.661290322999999
185,DF,-99.14,19.52,CEADF,Campamento Amealco Cd. de Méx.,6.564516128999999
186,DGO,-104.75,23.96,GVCDR,Presidente Guadalupe Victoria Dgo.,4.6290322580000005
187,DGO,-103.96,24.0,FVLDR,Francisco Villa Dgo.,3.419354839
188,DGO,-104.67,24.03,DRGDR,Durango Dgo.,4.619354839
189,DGO,-104.75,24.5,CNTDR,Canatlán Dgo.,2.129032258
190,DGO,-104.81,24.54,CBRDR,Caboraca Dgo.,0.935483871
191,DGO,-105.44,25.22,SACDR,Salomé Acosta Dgo.,1.822580645
192,DGO,-104.07,25.26,AM2DR,Agustín Melgar Dgo. SMN*,1.251612903
193,DGO,-103.77,25.27,FZRDR,Francisco Zarco Dgo.,7.870967742
194,DGO,-103.52,25.53,CLRDR,Ciudad Lerdo Dgo.,7.096774194
195,DGO,-103.44,26.11,THODR,Tlahualilo Dgo.,4.258064516
196,DGO,-104.93,26.24,VHGDR,Villa Hidalgo Dgo.,1.0806451609999999
197,DGO,-104.12,26.52,CEBDR,Ceballos Dgo.,1.0
198,GRO,-98.43,16.68,OMEGR,Ometepec Gro.,15.0
199,GRO,-99.75,16.76,ACUGR,Acapulco Gro. SMN*,18.80967742
200,GRO,-99.8,16.8,ODAGR,Observatorio de Acapulco Gro.,21.64193548
201,GRO,-99.1,16.95,AYUGR,Ayutla Gro.,16.83870968
202,GRO,-100.47,17.14,SJEGR,San Jerónimo Gro.,21.48387097
203,GRO,-99.53,17.17,TCOGR,Tierra Colorada Gro.,18.70967742
204,GRO,-98.6,17.5,TLPGR,Tlapa Gro.,12.5483871
205,GRO,-99.5,17.55,CHIGR,Chilpancingo Gro.,11.75806452
206,GRO,-99.5,17.6,ODZGR,Observatorio de Zumpango Gro.,14.51612903
207,GRO,-99.18,17.61,CHLGR,Chilapa Gro.,10.25806452
208,GRO,-99.7,17.67,CCHGR,Chichihualco Gro.,10.80645161
209,GRO,-98.74,17.78,OLNGR,Olinala Gro.,11.12903226
210,GRO,-99.98,17.79,TLAGR,Tlacotepec Gro.,8.290322581
211,GRO,-98.49,17.9,XXHGR,Xochihuehuetlán Gro.,10.48387097
212,GRO,-99.55,18.35,IGLGR,Iguala Gro.,15.48709677
213,GRO,-100.66,18.36,CALGR,Ciudad Altamirano Gro.,16.59677419
214,GRO,-100.27,18.38,VGRGR,Vicente Guerrero Gro.,14.33870968
215,GRO,-99.4,18.46,BVSGR,Buena Vista Gro.,12.12903226
216,GTO,-100.72,20.03,ACNGJ,Acámbaro Gto.,7.741935484
217,GTO,-100.67,20.05,SLSGJ,Solís Gto.,7.806451612999999
218,GTO,-100.52,20.13,JCRGJ,Jerécuaro Gto.,4.709677419
219,GTO,-100.9,20.28,ECBGJ,El Cubo Gto.,5.0806451610000005
220,GTO,-100.88,20.21,SLVGJ,Salvatierra Gto.,6.629032258
221,GTO,-101.36,20.28,LJIGJ,Las Jícamas Gto.,7.7741935479999995
222,GTO,-100.75,20.28,TARGJ,Tarimoro Gto.,6.887096774
223,GTO,-101.07,20.29,LDYGJ,Laguna de Yuriria Gto.,5.741935484
224,GTO,-101.07,20.3,SRTGJ,Santa Rita Gto.,6.209677419
225,GTO,-101.18,20.39,VDSGJ,Valle de Santiago Gto.,6.677419355
226,GTO,-101.02,20.4,SJLGJ,Santa Julia Gto.,5.806451612999999
227,GTO,-101.52,20.43,ABSGJ,Abasolo Gto.,9.564516129
228,GTO,-101.74,20.44,GLNGJ,La Golondrina Gto.,9.838709677
229,GTO,-100.62,20.45,APSGJ,Apaseo el Alto Gto.,8.451612903
230,GTO,-100.95,20.48,CRTGJ,Cortázar Gto.,7.387096774
231,GTO,-101.63,20.5,ATBGJ,Agua Tibia Gto.,5.258064516
232,GTO,-101.13,20.52,PERGJ,Pericos Gto.,6.483870968
233,GTO,-100.82,20.53,CLYGJ,Celaya Gto.,7.709677419
234,GTO,-100.68,20.53,AEGGJ,Apaseo el Grande Gto.,7.935483871000001
235,GTO,-100.58,20.55,AMCGJ,Ameche Gto.,6.0
236,GTO,-101.2,20.57,SLMGJ,Salamanca Gto.,8.0
237,GTO,-101.3,20.6,TEMGJ,Temascatío Gto.,9.370967742000001
238,GTO,-101.67,20.62,CRMGJ,Cuerámaro Gto.,9.64516129
239,GTO,-101.84,20.68,LADGJ,Las Adjuntas Gto.,4.516129032
240,GTO,-101.35,20.68,IRPGJ,Irapuato Gto.,8.725806452
241,GTO,-101.37,20.73,ECNGJ,El Conejo Gto.,5.435483871000001
242,GTO,-100.83,20.85,IALGJ,Ignacio Allende Gto.,6.112903226
243,GTO,-101.29,20.87,PRSGJ,La Purísima Gto.,8.290322581
244,GTO,-100.9,20.95,CSRGJ,Cinco Señores Gto.,3.419354839
245,GTO,-101.26,21.01,GTOGJ,Guanajuato Gto.,8.035483871
246,GTO,-101.83,21.05,BRRGJ,El Barrial Gto.,5.661290322999999
247,GTO,-101.67,21.1,LENGJ,León Gto.,10.11290323
248,GTO,-100.93,21.15,DHGGJ,Dolores Hidalgo Gto.,2.274193548
249,GTO,-101.69,21.17,EPLGJ,El Palote Gto.,7.838709677000001
250,GTO,-101.67,21.2,CSTGJ,Los Castillos Gto.,7.387096774
251,GTO,-101.63,21.29,BARBOSA,Barbosa Gto. Protección Civil*,6.135483871
252,GTO,-100.09,21.3,XICGJ,Xichú Gto.,8.483333333
253,GTO,-100.52,21.3,SLPGJ,San Luis de la Paz Gto.,2.225806452
254,GTO,-101.52,21.63,OCMGJ,Ocampo Gto.,4.48
255,HGO,-99.31,19.96,PRQHD,Requena Hgo.,4.709677419
256,HGO,-98.37,20.08,TLGHD,Tulancingo Hgo.,6.283870968
257,HGO,-98.75,20.12,PCOHD,Observatorio de Pachuca Hgo.,5.174193548
258,HGO,-99.36,20.16,ENDHD,Endhó Hgo.,6.0
259,HGO,-99.22,20.24,MXQHD,Mixquiahuala Hgo.,5.741935484
260,HGO,-98.94,20.27,ACTHD,Actopan Hgo.,4.064516128999999
261,HGO,-99.33,20.36,PRGHD,Javier Rojo Gómez Hgo.,7.322580645
262,HGO,-99.65,20.37,HCPHD,Huichapan Hgo.,4.432258065
263,HGO,-99.38,20.44,PVAHD,Vicente Aguirre Hgo.,6.741935484
264,HGO,-99.22,20.48,IXMHD,Ixmiquilpan Hgo.,7.806451612999999
265,HGO,-98.76,20.59,LMTHD,Metztitlán Hgo.,14.90322581
266,HGO,-98.65,20.65,ZXTHD,Zacualtipán Hgo.,6.266666667000001
267,HGO,-99.5,20.66,ZMPHD,Ing. Fernando Hiriart Balderrama Hgo.,11.78333333
268,JAL,-104.06,19.91,BBAJL,Basilio Vadillo Jal.,11.70967742
269,JAL,-105.13,20.0,CPEJL,Cajón de Peña Jal.,20.80645161
270,JAL,-103.2,20.29,LDCJL,Lago de Chapala Jal.,13.0
271,JAL,-102.71,20.29,JMYJL,Jamay Jal.,5.7354838710000005
272,JAL,-102.5,20.55,ATOTONILCOCFE,Atotonilco Jal. CFE*,7.067741935
273,JAL,-105.05,20.58,CULJL,Cuale Jal.,16.77419355
274,JAL,-103.32,20.58,TLAJL,Tlaquepaque Jal.,10.67741935
275,JAL,-103.37,20.67,GUAJL,Guadalajara Centro Jal.,10.72580645
276,MEX,-100.28,19.1,TROMX,Trojes Méx.,2.5
277,MEX,-98.87,19.19,SLAMX,San Luis Ameca Méx.,3.85483871
278,MEX,-99.76,19.24,SJHMX,San Juan de las Huertas Méx.,2.483870968
279,MEX,-99.28,19.45,PTLMX,Presa Totolica Méx.,2.419354839
280,MEX,-99.24,19.45,EMOMX,El Molinito Río Hondo Méx.,-1.096774194
281,MEX,-99.7,19.47,SBBMX,José Antonio Alzate Méx.,-1.935483871
282,MEX,-99.22,19.48,MBLMX,Molino Blanco Méx.,4.741935484
283,MEX,-98.88,19.48,CHPMX,Chapingo Méx.,3.725806452
284,MEX,-99.22,19.57,ARBMX,Las Arboledas Méx.,5.661290322999999
285,MEX,-98.92,19.58,GRDMX,La Grande Méx.,7.258064516
286,MEX,-99.19,19.62,OBSMX,San Martín Obispo Méx.,7.387096774
287,MEX,-99.05,19.63,K27MX,km 27+250 Méx.,8.032258065
288,MEX,-98.91,19.63,ACOLMAN,Acolman Méx. OCAVM*,4.53
289,MEX,-98.86,19.64,SNLMX,San Lucas Mex.,3.193548387
290,MEX,-99.3,19.7,CNPMX,La Concepción Méx.,2.935483871
291,MEX,-99.18,19.74,PCGMX,Puente Colgante Méx.,2.419354839
292,MEX,-99.56,19.88,DNXMX,Danxhó Méx.,0.7419354840000001
293,MEX,-99.12,19.9,TTQMX,Tajo de Tequixquiac Mex.,1.967741935
294,MICH,-101.93,18.92,ZICMC,Zicuirán Mich.,17.12903226
295,MICH,-102.37,19.08,APAMC,Apatzingán Mich. SMN*,17.71935484
296,MICH,-102.37,19.08,APTMC,Apatzingán Mich.,15.09677419
297,MICH,-102.87,19.21,LOLMC,Los Olivos Mich.,14.5
298,JAL,-102.77,19.29,CHLMC,Constitución de Apatzingán Jal.,15.29032258
299,MICH,-101.05,19.49,PDBMC,Planta de Bombeo Mich.,5.032258065
300,MICH,-101.45,19.55,VJIMC,Villa Jiménez Mich.,2.967741935
301,MICH,-101.26,19.63,COIMC,Coíntzio Mich.,5.4193548389999995
302,MICH,-101.18,19.69,MORMC,Morelia Mich.,7.64516129
303,MICH,-101.1,19.7,MCEMC,Morelia Centro Mich.,8.309677419
304,MICH,-100.55,19.7,CHIMC,Ciudad Hidalgo Mich.,5.112903226
305,MICH,-100.87,19.83,MLPMC,Malpaís Mich.,4.064516128999999
306,MICH,-102.65,19.84,SJUMC,San Juanico Mich.,7.370967742
307,MICH,-100.44,19.89,MRVMC,Maravatío Mich.,3.516129032
308,MICH,-102.14,19.96,UREMC,Urepetiro Mich.,3.14516129
309,MICH,-100.45,19.97,EGIMC,El Gigante Mich.,4.677419355
310,MICH,-102.72,20.07,SAHMC,Sahuayo Mich.,5.435483871000001
311,MICH,-102.4,20.1,SSIMC,San Simón Mich.,12.29032258
312,MICH,-102.75,20.15,LPAMC,La Palma Mich.,9.816129032000001
313,MICH,-101.6,20.3,PORMC,Pastor Ortiz Mich.,4.838709677
314,MICH,-101.46,20.32,CBLMC,Casa Blanca Mich.,5.112903226
315,MOR,-99.18,18.57,HIGMR,Higuerón Mor.,12.48387097
316,MOR,-99.2,18.6,JOJMR,Jojutla Mor.,10.69354839
317,NAY,-105.14,20.89,GAVNR,Gaviotas Nay.,16.61290323
318,NAY,-104.89,21.49,TEPNR,Tepic Nay.,13.98709677
319,NAY,-105.39,22.47,ACAPONETA,Acaponeta Nay. SMN*,15.93225806
320,NL,-100.17,23.68,DARNL,Doctor Arroyo N.L.,6.64516129
321,NL,-99.78,23.98,ZRGNL,Zaragoza N.L.,6.4193548389999995
322,NL,-99.82,24.1,ARRNL,Aramberri N.L.,6.1333333329999995
323,NL,-99.7,24.78,CRUNL,Crucitas N.L.,7.517857143
324,NL,-100.08,24.83,GALNL,Galeana N.L.,5.225806452
325,NL,-99.4,24.94,CPRNL,José López Portillo N.L.,8.788461538
326,NL,-100.55,25.03,SRANL,San Rafael N.L.,-1.35483871
327,NL,-100.13,25.43,LBCNL,La Boca N.L.,7.314814815
328,NL,-100.2,25.52,ECSNL,El Cerrito N.L.,5.178571429
329,NL,-100.27,25.68,MTRNL,Monterrey N.L.,8.803571429
330,NL,-100.3,25.73,OBSNL,Observatorio de Nuevo León N.L.,9.296153846000001
331,NL,-100.27,25.8,CANNL,El Canadá N.L.,8.923076923
332,NL,-100.17,25.95,CDFNL,Ciénega de Flores N.L.,7.103448276
333,NL,-99.61,26.09,CRVNL,Cerralvo N.L.,7.0
334,OAX,-96.48,15.67,PTAOX,Puerto Ángel Oax.,21.92580645
335,OAX,-94.82,16.58,CHIOX,Chicapa Oax.,21.77586207
336,OAX,-95.93,16.65,BOQOX,Boquilla 1 Oax.,11.19354839
337,OAX,-96.7,17.0,OAOOX,Observatorio de Aeropuerto Oaxaca Oax.,9.464516129
338,OAX,-96.73,17.07,OACOX,Oaxaca Centro Oax.,11.61290323
339,OAX,-95.48,17.45,MAROX,María Lombardo Oax.,16.84615385
340,OAX,-97.78,17.81,HLOOX,Observatorio de Huajuapan de León Oax.,6.687096774
341,OAX,-96.2,17.87,JACOX,Jacatepec Oax.,17.05
342,OAX,-96.53,17.88,SFUOX,San Felipe Usila Oax.,15.37931034
343,OAX,-96.26,18.0,CDOOX,Miguel de la Madrid Hurtado Oax.,16.72413793
344,OAX,-96.08,18.17,PAPOX,Papaloapan Oax.,19.96153846
345,OAX,-96.41,18.23,TEMOX,Presidente Alemán Oax.,18.37037037
346,PUE,-98.57,18.11,CHSPB,Chila de la Sal Pue.,6.161290322999999
347,PUE,-98.26,18.2,PIXPB,Piaxtla Pue.,9.935483871
348,PUE,-98.78,18.45,TELPB,Teotlalco Pue.,8.129032257999999
349,PUE,-97.4,18.48,TEHPB,Tehuacán Pue.,6.322580645
350,PUE,-98.58,18.52,CHIPB,Chietla Pue.,11.74193548
351,PUE,-98.47,18.61,IZMPB,Izúcar de Matamoros Pue.,17.77419355
352,PUE,-98.54,18.77,HQCPB,Huaquechula Pue.,9.774193548
353,PUE,-97.75,18.88,TECPB,Tecamachalco Pue.,4.64516129
354,PUE,-98.11,18.91,BDDPB,Manuel Ávila Camacho Pue.,3.322580645
355,PUE,-97.25,18.92,PCRPB,Paso Carretas Pue.,3.258064516
356,PUE,-98.42,18.92,ATXPB,Atlixco Pue.,8.677419355
357,PUE,-98.28,18.97,ECHPB,Echeverría Pue.,5.35483871
358,PUE,-97.96,18.97,CEMPB,Cemex Pue.,4.322580645
359,PUE,-97.44,18.99,CDSPB,Ciudad Serdán Pue.,2.903225806
360,PUE,-98.23,19.01,MAYPB,Mayorazgo 21 Poniente Pue.,5.435483871000001
361,PUE,-98.2,19.02,CNAPB,Conagua Pue.,6.661290322999999
362,PUE,-98.17,19.05,PUOPB,Observatorio de Puebla Pue.,5.993548387000001
363,PUE,-97.93,19.06,ACJPB,Acajete Pue.,3.806451613
364,PUE,-98.32,19.07,CHLPB,Cholula Pue.,5.35483871
365,PUE,-98.06,19.09,CPLPB,Capulac Pue.,5.741935484
366,PUE,-98.46,19.1,HJTPB,Huejotzingo Pue.,4.193548387
367,PUE,-97.62,19.25,QUIPB,Quimixtlán Pue.,6.85
368,PUE,-97.42,19.45,ACHPB,Alchichilca Pue.,0.435483871
369,PUE,-97.69,19.46,LIBPB,Libres Pue.,3.935483871
370,PUE,-97.49,19.49,TPYPB,Tepeyahualco Pue.,2.032258065
371,PUE,-97.53,19.7,OYAPB,Oyameles Pue.,2.322580645
372,PUE,-98.05,19.74,CNGPB,Chignahuapan Pue.,1.838709677
373,PUE,-97.36,19.82,TEZPB,Teziutlán Pue.,6.538461538
374,PUE,-97.81,19.83,TEOPB,Tetela de Ocampo Pue.,5.533333333
375,PUE,-97.58,19.86,ZCPPB,Zacapoaxtla Pue.,6.7241379310000005
376,PUE,-97.79,20.0,TDRPB,Tepango de Rodríguez Pue.,5.483870968
377,PUE,-98.15,20.03,AHUPB,Ahuazontepec Pue.,1.403225806
378,PUE,-97.52,20.03,CTZPB,Cuetzalan Pue.,10.64516129
379,PUE,-98.05,20.18,HUAPB,Huauchinango Pue.,8.517241379
380,PUE,-98.05,20.18,UDSPB,Universidad de la Sierra Pue.,7.689655172
381,PUE,-97.83,20.18,ZRGPB,Zaragoza Pue.,5.032258065
382,PUE,-97.96,20.28,XDJPB,Xicotepec de Juárez Pue.,10.56896552
383,PUE,-97.84,20.41,APAPB,Apapantilla Pue.,15.74193548
384,PUE,-97.68,20.51,VENPB,Venustiano Carranza Pue.,6.322580645
385,QROO,-88.33,18.5,CHOQR,Chetumal Q. Roo.,18.29354839
386,QROO,-88.04,19.58,FCRQR,Felipe Carrillo Puerto Q. Roo.,16.40333333
387,QROO,-86.95,20.51,COZQR,Cozumel Q. Roo.,20.31034483
388,QROO,-87.08,20.63,PDCQR,Playa del Carmen Q. Roo.,18.16666667
389,QROO,-86.82,21.16,CANQR,Cancún Q. Roo.,21.125
390,SIN,-106.4,23.23,MZTSI,Mazatlán Sin.,16.49032258
391,SIN,-106.25,23.35,SQRSI,Siqueros Sin.,12.25806452
392,SIN,-106.9,23.92,LCRSI,La Cruz Sin.,11.93548387
393,SIN,-106.7,24.12,SLTSI,Ing. Aurelio Benassini Vizcaino Sin.,13.35483871
394,SIN,-106.81,24.57,JLPSI,José López Portillo Sin.,12.91935484
395,SIN,-107.44,24.63,OBSSI,Observatorio de Culiacán Sin.,12.41290323
396,SIN,-107.1,24.45,SLRSI,San Lorenzo Sin.,13.72580645
397,SIN,-107.4,24.82,CLCSI,Culiacán Sin.,12.11290323
398,SIN,-107.47,25.03,AWSSI,Andrew Weiss Sin.,9.661290323
399,SIN,-107.84,25.49,SJNSI,San Juan Sin.,10.43548387
400,SIN,-108.09,25.47,GMCSI,Guamúchil Sin.,12.16129032
401,SIN,-108.47,25.72,GSVSI,Guasave Sin.,11.67741935
402,SIN,-109.0,25.8,MCHSI,Los Mochis Sin.,12.72580645
403,SIN,-108.01,25.9,JNASI,Jaina Sin.,9.35483871
404,SIN,-108.7,26.43,JORSI,Josefa Ortiz de Domínguez Sin.,11.79032258
405,SIN,-108.58,26.51,PMHSI,Miguel Hidalgo Sin.,8.629032257999999
406,SLP,-98.76,21.24,TMTSL,Temamatla S.L.P.,15.39285714
407,SLP,-98.86,21.25,TBLSL,Tierra Blanca S.L.P.,15.26206897
408,SLP,-98.89,21.42,RQTSL,Requetemu S.L.P.,14.91785714
409,SLP,-98.62,21.69,SVTSL,San Vicente S.L.P.,14.96428571
410,SLP,-98.96,21.75,BLMSL,Ballesmi S.L.P.,14.63571429
411,SLP,-98.94,21.85,PUJSL,El Pujal S.L.P.,14.42592593
412,SLP,-99.24,21.91,GANSL,Gallinas S.L.P.,13.19259259
413,SLP,-98.77,22.0,TMISL,Tamuín S.L.P.,15.21851852
414,SLP,-99.16,22.12,MICSL,Micos S.L.P.,14.25185185
415,SLP,-99.32,22.52,NRJSL,Naranjos S.L.P.,13.22758621
416,SON,-109.11,27.23,ARCSO,Adolfo Ruíz Cortínes Son.,10.9516129
417,SON,-109.94,27.5,COBSO,Ciudad Obregón Son.,8.951612903
418,SON,-109.21,27.66,TSOSO,Tesocoma Son.,5.709677419
419,SON,-109.89,27.82,AOBSO,Álvaro Obregón Son.,12.53333333
420,SON,-110.85,27.95,GYMSO,Guaymas Son.,11.7516129
421,SON,-110.8,27.95,EPLSO,Empalme Son.,10.36774194
422,SON,-108.92,28.37,YC2SO,Yécora Son. SMN*,-2.690322581
423,SON,-108.93,28.37,YCRSO,Yécora Son.,-3.431612903
424,SON,-111.83,28.75,BAHIAKINO,Bahía de Kino Son. SMN*,8.738709677000001
425,SON,-110.92,29.07,HM2SO,Observatorio de Hermosillo Son.,9.287096774
426,SON,-110.93,29.07,HMNSO,Hermosillo Son.,10.27419355
427,SON,-110.73,29.21,PMOSO,Ing. Rodolfo Félix Valdés Son.,7.05
428,SON,-110.71,29.23,ORGSO,El Oregano Son.,7.64516129
429,SON,-110.74,29.47,CJNSO,El Cajón Son.,3.916666667
430,SON,-110.17,30.34,ARZSO,Arizpe Son.,0.323225806
431,SON,-108.93,30.36,BCRSO,Bacerac Son.,-0.580645161
432,SON,-111.45,30.39,SRSSO,Santa Rosa 2 Son.,4.032258065
433,SON,-109.38,30.44,LCDSO,Lázaro Cárdenas Son.,8.15
434,SON,-110.24,30.6,BCNSO,Bacanuchi Son.,-0.35483871
435,SON,-111.73,30.72,ALTSO,Altar Son.,6.019354839
436,SON,-110.95,31.32,NGLSO,Nogales Son.,4.451724138
437,SON,-112.85,31.87,NYNSO,Sonoyta Son.,3.548387097
438,TAB,-92.75,17.39,OXOTB,Oxolotán Tab.,19.0625
439,TAB,-91.48,17.43,BDCTB,Boca del Cerro Tab.,19.0
440,TAB,-92.82,17.47,TAPTB,Tapijulapa Tab.,18.68333333
441,TAB,-92.92,17.5,SJOTB,San Joaquín Tab.,18.44444444
442,TAB,-92.97,17.57,TEATB,Teapa Tab.,18.95
443,TAB,-92.94,17.57,PUYTB,Puyacatengo Tab.,18.51785714
444,TAB,-92.6,17.77,MACTB,Macuspana Tab.,18.89583333
445,TAB,-91.16,17.79,SPTTB,San Pedro Tab.,17.58064516
446,TAB,-93.38,18.0,CARTB,Cárdenas Tab.,19.05357143
447,TAB,-92.88,17.85,PNVTB,Pueblo Nuevo Tab.,17.98148148
448,TAB,-93.0,17.98,GONTB,González Tab.,18.59259259
449,TAB,-93.28,18.0,SAMTB,Samaria Tab.,17.82
450,TAB,-92.92,17.98,EMUTB,Villahermosa Muelle Tab.,20.47083333
451,TAB,-92.81,18.04,EPOTB,El Porvenir Tab.,18.46428571
452,TAMPS,-97.88,22.24,TMPTP,Tampico Tamps.,16.092
453,TAMPS,-97.84,22.28,MDRTP,Madero Tamps.,16.12272727
454,TAMPS,-97.93,22.39,BALTP,Bombas Altamira Tamps.,15.24642857
455,TAMPS,-98.42,22.42,TMSTP,Tamesí Tamps.,14.30714286
456,TAMPS,-98.69,22.6,ERCTP,Estudiante Ramiro Caballero Dorantes Tamps.,14.23103448
457,TAMPS,-98.71,22.8,MGSTP,Magiscatzín Dos Tamps.,13.02413793
458,TAMPS,-99.12,22.83,LSRTP,La Servilleta Tamps.,13.59310345
459,TAMPS,-99.0,22.85,RFRTP,Río Frío Tamps.,13.50344828
460,TAMPS,-98.79,22.94,SLZTP,Lic. Emilio Portes Gil Tamps.,14.04827586
461,TAMPS,-99.09,23.02,SBNTP,Sabinas Tamps.,12.60689655
462,TAMPS,-97.77,23.05,BTORDO,Barra del Tordo Tamps. SMN*,14.64090909
463,TAMPS,-98.79,23.08,SGBTP,San Gabriel Tamps.,12.24137931
464,TAMPS,-97.99,23.26,RSPTP,República Española Tamps.,12.85
465,TAMPS,-99.08,23.38,ENNTP,La Encantada Tamps.,10.52666667
466,TAMPS,-99.17,23.72,CVCTP,Observatorio de Ciudad Victoria Tamps.,9.259259259
467,TAMPS,-98.75,23.73,PDMTP,Paso de Molina Tamps.,10.48571429
468,TAMPS,-98.21,23.77,SLMTP,Soto la Marina Tamps.,10.63793103
469,TAMPS,-98.67,23.96,VGRTP,Vicente Guerrero Tamps.,11.01785714
470,TAMPS,-98.9,24.05,PADTP,Padilla Tamps.,10.02758621
471,TAMPS,-99.12,24.08,BR1TP,El Barretal Uno Tamps.,9.965517241
472,TAMPS,-99.22,24.1,BRRTP,El Barretal Tamps.,9.306896552000001
473,TAMPS,-98.9,24.14,PILTP,Pilón Tamps.,9.766666667
474,TAMPS,-99.58,24.18,PVLTP,Puerto de Valles Tamps.,6.725925926
475,TAMPS,-99.56,24.25,PJMTP,Pedro José Méndez Tamps.,10.05769231
476,TAMPS,-99.43,24.25,MHGTP,Miguel Hidalgo Tamps.,8.825
477,TAMPS,-97.8,25.7,VHMTP,Valle Hermoso Tamps.,10.44444444
478,TAMPS,-97.52,25.83,MATTP,Matamoros Tamps.,10.82608696
479,TAMPS,-98.29,26.08,RYATP,S-J-3-42 Reynosa Tamps.,8.5
480,TAMPS,-98.93,26.2,MRGTP,Marte R. Gómez Tamps.,8.576923077
481,TAMPS,-98.6,26.24,CDOTP,S-J-2-18 Ciudad Díaz Ordaz Tamps.,9.16
482,TLAX,-97.91,19.2,ZITTL,Zitlaltepec Tlax.,2.8
483,TLAX,-97.77,19.3,CUATL,Cuapiaxtla Tlax.,1.967741935
484,VER,-94.92,17.42,LPEVC,Las Perlas Ver.,16.53571429
485,VER,-95.03,17.43,JCRVC,Jesús Carranza Ver.,17.36296296
486,VER,-94.09,17.87,JDCVC,San José del Carmen Ver.,16.05172414
487,VER,-95.13,17.88,SJEVC,San Juan Evangelista Ver.,18.68333333
488,VER,-94.67,17.95,JALVC,Jaltipán Ver.,19.22222222
489,VER,-94.77,18.14,MNZVC,Minzapan Ver.,17.42592593
490,VER,-95.3,18.14,CTTVC,Coatotolapan Ver.,16.46666667
491,VER,-95.35,18.25,LAUVC,Lauchapan Ver.,15.69642857
492,VER,-96.35,18.45,TBLVC,Tierra Blanca Ver.,17.26666667
493,VER,-95.44,18.58,ARCVC,Ángel Rosario Cabada Ver.,16.73214286
494,VER,-97.1,18.85,ORZVC,Orizaba Ver.,11.38888889
495,VER,-97.23,18.92,LGRVC,Loma Grande Ver.,2.451612903
496,VER,-96.61,19.02,VTEVC,Villa Tejeda Ver.,16.19354839
497,VER,-96.16,19.07,ETEVC,El Tejar Ver.,16.41935484
498,VER,-96.33,19.15,MFAVC,Manlio Fabio Altamirano Ver.,17.20689655
499,VER,-96.11,19.15,VERVC,Veracruz Ver.,19.31481481
500,VER,-96.95,19.18,HTSVC,Huatusco Ver.,6.379310345
501,VER,-96.49,19.34,TAMVC,Tamarindo Ver.,19.46153846
502,VER,-96.37,19.36,CRDVC,Cardel Ver.,17.58064516
503,VER,-96.55,19.4,IDOVC,Ídolos Ver.,17.96666667
504,VER,-96.36,19.41,ENRVC,El Naranjillo Ver.,17.15
505,VER,-96.93,19.48,BRIVC,Briones Ver.,7.516666667000001
506,VER,-96.59,19.5,ACTVC,Actopan Ver.,19.25
507,VER,-96.92,19.53,XOBVC,Observatorio de Xalapa Ver.,10.39285714
508,VER,-96.85,19.55,XCFVC,Xalapa CFE Ver.,10.33333333
509,VER,-97.02,19.6,JOYVC,La Joya Ver.,3.142857143
510,VER,-97.1,19.65,LVRVC,Las Vigas de Ramírez Ver.,2.583333333
511,VER,-96.87,19.65,NAOVC,Naolinco Ver.,8.777777777999999
512,VER,-96.84,19.7,ACAVC,Acatlán Ver.,6.448275862000001
513,VER,-97.23,19.76,ALTVC,Altotonga Ver.,4.896551724
514,VER,-96.98,20.05,LIBVC,Libertad Ver.,17.0625
515,VER,-97.78,20.88,SBTVC,Sombrerete Ver.,14.56666667
516,VER,-97.68,20.93,ALAVC,Álamo Temapache Ver.,15.32758621
517,VER,-97.4,20.96,TXPVC,Tuxpan Ver.,16.5
518,VER,-98.34,21.29,PSNVC,Platón Sánchez Ver.,14.82142857
519,VER,-98.38,21.52,TMPVC,Tempoal Ver.,14.37857143
520,VER,-98.44,21.78,HGOVC,El Higo Ver.,14.63571429
521,VER,-98.51,21.84,OLVVC,El Olivo Ver.,14.63928571
522,VER,-98.17,22.05,PNCVC,Pánuco Ver.,15.48214286
523,YUC,-88.93,20.13,PETYC,Peto Yuc.,14.0483871
524,YUC,-89.39,20.29,OXKYC,Oxkutzcab Yuc.,11.64516129
525,YUC,-89.56,20.4,TICYC,Ticul Yuc.,15.12068966
526,YUC,-89.08,20.46,CANYC,Cantamayec Yuc.,16.43333333
527,YUC,-89.71,20.49,MUNYC,Muna Yuc.,16.12068966
528,YUC,-88.2,20.69,VALYC,Valladolid Yuc.,17.68666667
529,YUC,-89.83,20.75,CHOYC,Chocholá Yuc.,16.86666667
530,YUC,-89.64,20.94,FAEYC,Fuerza Aérea Yuc.,18.33571429
531,YUC,-89.65,20.95,MEOYC,Observatorio de Mérida Yuc.,18.113793100000002
532,YUC,-89.58,20.98,EZAYC,Emiliano Zapata Yuc.,18.03333333
533,YUC,-89.66,20.98,GARYC,Organismo de Cuenca Península de Yucatán Yuc.,16.43333333
534,YUC,-89.64,21.03,CICYC,Centro de Investigación Científica Yuc.,18.43548387
535,YUC,-87.99,21.16,TIZIMIN,Tizimín Yuc. SMN*,15.74482759
536,YUC,-89.65,21.28,PROYC,Progreso Yuc.,18.82692308
537,YUC,-87.68,21.51,CYOYC,El Cuyo Yuc.,19.86666667
538,ZAC,-102.85,21.36,NCTZC,Nochistlán Zac.,2.806451613
539,ZAC,-103.34,21.59,VILZC,José María Morelos Zac.,8.661290323
540,ZAC,-103.35,21.65,EXCZC,Miguel Alemán Zac.,3.2903225810000003
541,ZAC,-102.9,21.71,PMOZC,Moraleños Zac.,7.2258064520000005
542,ZAC,-103.46,21.81,ATGZC,Atolinga Zac.,1.0
543,ZAC,-102.9,22.0,CHIZC,El Chique Zac.,9.225806452
544,ZAC,-101.4,22.12,PINZC,Pino Suárez Zac.,0.7419354840000001
545,ZAC,-102.86,22.12,TAYZC,Ing. Julián Adame Alatorre Zac.,3.8870967739999998
546,ZAC,-101.72,22.35,VHGZC,Villa Hidalgo Zac.,1.870967742
547,ZAC,-102.8,22.35,PALZC,Palomas Zac.,2.177419355
548,ZAC,-102.04,22.67,ELSZC,El Saladillo Zac.,-0.516129032
549,ZAC,-103.6,22.69,LFLZC,La Florida Zac.,-0.9032258059999999
550,ZAC,-102.51,22.75,GPEZC,Guadalupe Zac.,5.167741935
551,ZAC,-102.51,22.75,ZA2ZC,Zacatecas Zac. SMN*,5.44516129
552,ZAC,-102.58,22.76,ZACZC,Zacatecas Zac.,7.693548387000001
553,ZAC,-102.57,22.78,LBUZC,La Bufa Zac.,7.45483871
554,ZAC,-102.95,22.82,BTEZC,Ramón López Velarde Zac.,3.4290322580000003
555,ZAC,-103.38,22.85,LOBZC,Manuel Felgueres Zac.,0.306451613
556,ZAC,-103.11,22.92,STRZC,Santa Rosa Zac.,3.419354839
557,ZAC,-103.22,23.18,LREZC,Gobernador Leobardo Reynoso Zac.,1.5806451609999999
558,ZAC,-103.64,23.64,SOMZC,Sombrerete Zac.,5.012903226000001
559,ZAC,-103.1,23.69,ELCZC,El Cazadero Zac.,2.112903226
560,ZAC,-103.03,23.82,RGRZC,Río Grande Zac.,1.338709677
561,MICH,-102.54,19.98,GUAMC,Guaracha Mich.,6.516129032
562,MICH,-102.42,20.18,BIBMC,Barraje de Ibarra Mich.,5.5
563,VER,-98.27,21.16,HLSVC,Los Hules Ver.,14.08571429
564,DGO,-105.5,26.44,VILLAOCAMPO,Villa Ocampo Dgo. SMN*,-0.403225806
565,YUC,-89.64,21.05,FIYYC,Fiuady Yuc.,16.45666667
566,CHIS,-93.19,17.61,JUAREZ,Juárez Chis. Protección Civil*,19.09615385
567,YUC,-88.17,21.16,TIZYC,Tizimín Yuc.,15.56666667
568,NL,-99.28,25.71,CCHNL,Cuchillo-Solidaridad N.L.,9.304347826
569,DF,-99.1,19.48,ENP 3,Justo Sierra,8.716129032000001
570,OAX,-95.92,17.73,RMLOX,Río Manso Lalana Oax.,17.62962963
571,GRO,-100.66,18.35,CA2GR,Ciudad Altamirano Gro. SMN*,22.39677419
572,VER,-96.94,19.59,BANVC,Banderillas Ver.,7.612903226
573,CHIS,-92.97,15.73,CUXTEPEQUES,Finca Cuxtepeques Chis. SGT*,13.25483871
574,CHIS,-93.63,16.49,NVAPALESTINA,Nueva Palestina Chis. SGT*,15.28064516
575,DF,-99.16,19.35,ENP 6,Antonio Caso,8.906451613
576,DF,-99.13,19.48,ENP 9,Pedro de Alva,9.874193548
577,DGO,-104.66,24.2,PAGDR,Peña del Águila Dgo.,-0.225806452
578,MOR,-99.25,19.05,TRESMARIAS,Tres Marías Mor. SMN*,2.451612903
579,PUE,-98.06,18.28,ADOPB,Acatlán de Osorio Pue.,10.58064516
580,PUE,-98.16,18.61,COAPB,Coatzingo Pue.,9.35483871
581,PUE,-98.22,19.11,SCRPB,San Cristóbal Caleras Pue.,3.129032258
582,TAB,-92.74,17.39,OXOLOTAN,Oxolotán Tab. SGT*,18.25
583,YUC,-89.05,20.03,TANYC,Tantaquín Yuc.,12.24193548
584,DGO,-104.28,25.08,SLCDR,San Luis del Cordero Dgo.,3.516129032
585,YUC,-88.47,20.39,CHIYC,Chan-Chichimilá Yuc.,14.48333333
586,DF,-99.06,19.38,CCH O,CCH Oriente,8.196774194
587,NL,-100.12,23.42,MYNNL,Mier y Noriega N.L.,7.129032258
588,VER,-96.14,19.04,PDTVC,Paso del Toro Ver.,20.23809524
589,YUC,-89.22,19.88,BECYC,Becanchén Yuc.,14.18333333
590,DGO,-103.98,23.74,VGCDR,Vicente Guerrero Dgo.,1.7903225809999999
591,CHIH,-108.52,28.15,C08182,Moris,2.032258065
592,GTO,-100.88,21.1,PNLGJ,Peñuelitas Gto.,4.120689655
593,TAMPS,-99.13,23.73,76490,Cd. Victoria (Automatica),11.14642857
594,JAL,-103.25,22.13,CLTJL,Colotlán Jal.,4.106451613
595,ZAC,-102.62,24.98,NTAZC,Nuevo Tampico Zac.,3.322580645
596,CAMP,-90.11,20.18,HECCA,Hecelchakán Camp.,19.03225806
597,CHIH,-106.22,27.45,BOCADELRIO,Boca del Río Chih. SGT*,2.209032258
598,CHIH,-107.7,28.76,C08243,Tejolocachi,-4.548387097
599,CHIH,-105.96,28.77,C08270,La Mesa,1.35483871
600,CHIH,-106.48,28.8,C08099,Majalca,-2.483870968
601,CHIH,-108.09,29.25,C08219,Peñitas,-7.161290322999999
602,CHIS,-92.18,14.63,ILRAYON,Ignacio López Rayón Chis. SGT*,21.13870968
603,CHIS,-92.15,15.09,VTACANA,Volcán Tacaná Chis. SMN*,14.61290323
604,CHIS,-92.3,15.12,ARGOVIA,Finca Argovia Chis. SGT*,17.13548387
605,CHIS,-92.47,15.15,HUIXTLA,Huixtla Chis. SGT*,20.76451613
606,CHIS,-93.25,16.25,VILLAFLORES,Villaflores Chis. SGT*,13.80322581
607,CHIS,-91.71,16.38,CHAYABE,Finca Chayabé Chis. SGT*,11.95
608,CHIS,-93.56,16.69,LASFLORESII,Las Flores Dos Chis. SGT*,15.15
609,CHIS,-92.62,16.74,SCRCP,Puente Morelos Chis.,6.3
610,CHIS,-92.91,17.0,BOCHIL,Bochil Chis. SGT*,10.35806452
611,COL,-103.88,19.11,DJLCM,Derivadora Jala Col.,16.75806452
612,DF,-99.18,19.33,CCA ,Centro de Ciencias de la Atmósfera,7.625
613,DF,-99.2,19.4,ENP 4,Vidal castañeda y N.,9.622580645
614,DF,-99.09,19.48,GCNDF,km 6+250 del Gran Canal Cd. de Méx.,4.806451613
615,DGO,-104.75,23.96,GVHDR,Guadalupe Victoria Dgo.,4.6290322580000005
616,GRO,-99.6,18.55,TAXCO,Taxco Gro. SGT*,13.72580645
617,GTO,-100.87,20.38,LGVGJ,Presa la Gavia Gto.,4.548387097
618,JAL,-103.23,22.33,ACHZC,Achimec Jal.,2.741935484
619,MEX,-99.28,19.45,TTLMX,Totolica hidrométricas Méx.,7.483870968
620,MEX,-98.91,19.53,SADMX,San Andrés Méx.,4.483870968
621,MEX,-98.91,19.54,ATEMX,Atenco Méx.,1.741935484
622,MEX,-99.39,19.83,TXMHD,Taxhimay Méx.,2.419354839
623,NL,-99.44,24.98,CARNL,Carmen de los Elizondo Linares N.L.,7.142857143
624,OAX,-96.55,17.27,SCIOX,Ixtepeji Oax.,6.935483871000001
625,PUE,-97.4,20.12,RNAPB,Rancho Nuevo Pue.,16.0
626,SIN,-107.16,24.81,SN2SI,Sanalona hidrométrica Sin.,7.451612902999999
627,SIN,-107.91,25.86,GD2SI,Bacurato hidrométrica de Gustavo Diaz Ordáz Sin.,11.32258065
628,SIN,-108.32,26.08,GB2SI,El Sabinal hidrométrica Sin.,12.35483871
629,SIN,-108.32,26.7,76311,CHOIX,8.890322581
630,SON,-109.37,28.98,PELIASCALLES,Presa Plutarco Elías Calles Son. SGT*,11.36
631,TAMPS,-99.19,23.73,CVTTP,Ciudad Victoria Tamps.,10.37037037
632,TAMPS,-99.12,24.08,BARRETALII,Barretal Dos Tamps. SGT*,9.460714286
633,TAMPS,-98.69,25.12,CANDIDOAG,Cándido Aguilar Tamps. SGT*,9.096428571
634,YUC,-89.68,20.65,ABAYC,Abalá Yuc.,11.62903226
635,YUC,-90.38,20.86,CELYC,Celestún Yuc. SMN*,18.59655172
636,YUC,-89.44,21.11,MOCYC,Mocochá Yuc.,14.12903226
637,ZAC,-103.5,22.33,STEZC,Santa Teresa Zac.,5.112903226
638,CHIS,-92.27,15.33,MOTOZINTLA,Motozintla Chis. SGT*,10.9
639,DF,-99.2,19.5,CCH A,CCH Azcapotzalco,7.470967742000001
640,VER,-94.16,17.57,TMOVC,Tierra Morada Ver.,18.05357143
641,VER,-96.92,19.81,TNCVC,Tenochtitlán Ver.,11.70689655
642,CHIS,-92.32,15.56,SILTEPEC,Siltepec Chis. SGT*,15.16428571
643,TAMPS,-99.15,22.99,AHLTP,Ahualulco Tamps.,13.22068966
644,VER,-96.65,19.32,CRRVC,Carrizal Ver.,16.98387097
645,CHIH,-107.26,28.77,BACCH,Bachíniva Chih.,-1.548387097
646,DF,-99.12,19.27,ENP 1,Gabino Barreda,7.8516129029999995
647,JAL,-103.73,22.4,BCSJL,Bocas Jal.,2.5
648,MEX,-99.47,18.8,CHDMX,Colonia Hidalgo Mex.,16.09677419
649,MEX,-99.73,18.93,PDZMX,Porfirio Díaz Méx.,5.677419355
650,MEX,-99.65,19.3,RECMX,Rectoría Méx.,6.806451612999999
651,MEX,-99.24,19.47,CCH N,CCH Naucalpan,8.277419355
652,MEX,-99.8,19.63,SMLMX,Santa María del Llano Méx.,-2.290322581
653,OAX,-95.93,17.15,ZACOX,Zacatepec Oax.,13.04166667
654,VER,-95.42,18.47,TZAVC,Tres Zapotes Ver.,16.68518519
655,VER,-95.52,18.63,NLTVC,Naranjal Lerdo de Tejada Ver.,17.84615385
656,VER,-97.24,19.58,PERVC,Perote Ver.,0.2
657,YUC,-89.5,21.08,CONYC,Conkal Yuc.,13.61290323
658,ZAC,-103.46,21.47,TGOZC,Teúl de González Ortega Zac.,5.055555556
659,ZAC,-102.79,21.56,TLAZC,Tlalchichila Zac.,4.203703704
